tipo_equipo,descripcion_trabajo,veces
BRAZO ARTICULADO,"Cargue de cargador bocato min y cargue de vibrocompactador mini, cargue de bocato mini, cargador para PR15+200 a PR19+250",2
BULLDOZER,Conformacion de terraplen,46
BULLDOZER,Conformacion terraplen,23
BULLDOZER,Conformacion de botadero,22
BULLDOZER,Conformando rcd,18
BULLDOZER,Disponible por lluvia,13
BULLDOZER,Domingo,13
BULLDOZER,Conformacion de terraplen PR38,8
BULLDOZER,Conformacion botadero PR15,5
BULLDOZER,Conformacion RCD,5
BULLDOZER,Festivo,4
BULLDOZER,Disponible,3
BULLDOZER,Conformacion terraplen PR39,3
CAMABAJA,Disponible,9
CAMABAJA,Domingo,5
CAMABAJA,"Vibrocompactador PR10 a PR33 de dinissan, excavadora 15 PR33 a PR35, finisher PR33 a PR26, vibro PR19 a PR33, vibro 08 PR33 a PR26, se busca moto PR26 a PR14 para muro",4
CAMABAJA,"Bulldozer PR14 a PR25+700, vibrocompactador PR36+600 a PR35+400, descargar excavadora 09 PR33, motoniveladora PR33 a PR14+500 MSR, motoniveladora 03 PR37+500 a PR35+400, bulldozer PR25+700 a PR33, vibro PR20+400 a PR33",3
CAMABAJA,"Vibrocompactador PR17 al PR35, del PR37 al PR33, del PR33 al PR37, pajarita del PR14 al PR21",2
CAMABAJA,"Retro oruga 320 a PR14 a PR17, retro pajarita PR13 a PR32+500",2
CAMABAJA,Sin descripcion de actividad,2
CAMABAJA,"Movimiento mini cargador PR19 a PR35, vibrocompactador del PR19 a PR26",2
CAMABAJA,Disponible PR33,2
CAMABAJA,"Motoniveladora PR35 al PR36, pajarita PR33 al PR20 y del PR14 a PR35, vibro del PR33 al PR21 y PR36 al PR10, bulldozer PR35 a PR15",2
CAMABAJA,"Bulldozer de PR21 a PR15, motoniveladora PR21 a PR14",2
CAMABAJA,"Bulldozer de PR21 a PR15, pajarita PR14 a PR26",2
CAMION CISTERNA,Domingo,4
CAMION CISTERNA,"Humectacion de bases PR19- 20 - 21, lavado de via PR20 - 21 - 22, queda en PR33",4
CAMION CISTERNA,"Humectacion de bases PR45+700 y PR21, lavado de via PR21",4
CAMION CISTERNA,Llenado de vibros de asfalto,4
CAMION CISTERNA,"Humectacion de base PR20 - 21 - 19, lavado de via PR 19 - 20 - 21 - 22, queda en PR33",3
CAMION CISTERNA,Humectacion de base y limpieza via PR20 - PR21,3
CAMION CISTERNA,"Humectacion de bases PR26 y PR20, lavado de via PR20 y PR21",3
CAMION CISTERNA,"Humectacion de bases PR20, lavado de via PR20 y PR21",3
CAMION CISTERNA,Humectacion de bases PR145+700 - PR45+800 - PR21 y lavado de via,3
CAMION CISTERNA,"Cargue de carrotanque con agua, llenado de maquinaria de asfalto y vibros PR45+700",3
CAMION CISTERNA,"Humectacion de base PR21 - PR45+600, lavado de via, cargando carro, tanque de agua PR34",3
CAMION CISTERNA,"Cargando el carrotanque con agua, humectacion de bases, llenado de vibro,",3
CAMION TURBO MIXTA,Domingo,7
CAMION TURBO MIXTA,Sin descripcionn de actividad,3
CAMION TURBO MIXTA,"Movilizacion de maletines y avisos, movilizacion de PR16 a PR33 y a sabana",3
CAMION TURBO MIXTA,"Movilizacion de maletines y señalizaciones, movilizacion de tanque-mesa y carpa, cargue de amdamios en el puente sogamoso y descargue PR33, cargue de varillas PR34+200 y descargue PR33",3
CAMION TURBO MIXTA,"Movilizacion de formaletas en PR34+200, transporte de herramienta, escoltar maquinaria PR20 a PR16",3
CAMION TURBO MIXTA,"Movimiento de PMT de PR16 a PR15 y señalizaciones de obra, movimiento de formaletas y herramienta de bodega del PR33 al PR21, movimientos de formaletas y herramientas de ODT PR26 a PR25, movimiento interno en bodega, movimiento de formaletas, rumbo a sabana",3
CAMION TURBO MIXTA,"Movimiento de plantas, taladro y herramienta PR22 a PR20 y PR17, movimiento de planta PR20 a PR22 y PR10 con PMT, cargue descole arena en PR10 para dejar en varios PR, se buscan pulidoras y circular PR20 para gaurdar en PR22, personal para sabana",3
CAMION TURBO MIXTA,"Movimientos PMT y maletines, carpa y demas cosas PR19, movimientos de varilla PR20, movimiento de señales de aproximacion PR19, movimiento de defensa PR21 a PR20, disponible, finalizacion de jornada",3
CAMION TURBO MIXTA,"Movimiento de herramienta planta, pulidora y circular PR22 a PR19-20, movimiento de varilla, alambre de bodega PR20-PR19, movimiento de formaletas PR20, movimiento PR19 para PR20, se buscan taladros, radial y herramienta PR19 a PR22",3
CAMION TURBO MIXTA,"Cargue de plantas - taladros - pulidoras- circular el PR22 para PR19, cargue de materiales formaletas y demas de ODT PR19 a PR23, cargue de materiales en bodega PR33 para PR23 - PR20 - PR19, cargue de pulidoras taladro PR23 para PR22",3
CAMION TURBO MIXTA,"Cargue de planta y herramienta del PR22 para el PR20 y PR19, cargue de planta y herramienta PR22 para PR24, cargue rollo de plasticoy se busca herramientas, se vuelve a sabana",3
CAMION TURBO MIXTA,"Cargue de plantas y taladros del PR22 para PR21 y PR19, cargue de herramientas del PR23, cargue de herramientas formaletas PR19+300 a PR20",3
CAMIONES,Domingo,12
CAMIONES,Humectacion de sub base PR26 - PR15+400 - PR14+700 - PR14+200 - PR35,6
CAMIONES,"Humectacion de sub base y BTC PR22, humectacion sub base PR16, humectacion sub base y BTC PR22, humectacion de sub base PR18, limpieza via PR15 y PR19",5
CAMIONES,"Humectacion d PR22 de BTC para imprimacion, humectacion de sub base PR18, humectacion PR19, limpieza via PR35",5
CAMIONES,"Humectacion BTC PR16, humectacion sub basePR16, humectacion via cantera el diviso y PR19, humectacion terraplen y sub base PR18",5
CAMIONES,"Humectacion BTC PR16, humectacion sub base, tanqueo PR21, humectacion y limpieza de via, taller de 2:30pm a 4pm",5
CAMIONES,"Cargue de acero PR35 ODT13-14, traslado de carpa y herramienta menor, movimiento de formaleta, salida PR33, cargue geomenbrana 60mts corte de la misma, salida PR21+700, salida PR16 descargue",5
CAMIONES,"Humectacion de BTC PR21+700, humectacion sub base PR17 y PR19, humectacion de cantera PR21, humectacion de terraplen PR21+200",5
CAMIONES,Planta PR33 zona de almacen movimientos multiples,5
CAMIONES,"Humectacion entrada, humectacion sub base, humectacion excavacion, terraplen y BTC",5
CAMIONES,"Humectacion sub base PR21 - PR19 excavacion - PR14 MSR, humectacion BTC PR19",5
CAMIONES,"Humectacion de sub base, humectacion de excavacion, humectacion PR39, humectacion PR35 sub base, humectacion excavacion PR19, llenado de fresadora PR24",5
CARRO CISTERNA,Riego de berma y lavado de via,29
CARRO CISTERNA,Ampliacion berma,4
CARRO CISTERNA,"Riego de ampliacion berma, tanqueo maquinaria de asfalto",4
CARRO CISTERNA,Riego berma,4
CARRO CISTERNA,"Riego de ampliacion berma PR17 a PR18, tanqueo maquinas asfalto, disponible",3
CARRO CISTERNA,"Riego de ampliacion berma, riego y lavado de via",3
CARRO CISTERNA,Riego ampliacion berma,3
CARRO CISTERNA,Riego ampliacion berma y lavado de berma,3
CARRO CISTERNA,"Cargue carrotanque, apoyo PR42, disponible, riego de ampliacion PR18 a PR17",2
CARRO CISTERNA,"Induccion SST, cargue de agua PR33 a PR35, riego de berma PR17 a PR18, riego en ampliacion berma PR18 a PR17",1
CARROTANQUE,Domingo,11
CARROTANQUE,"Humectacion de bases PR20 y PR25, lavado de via",7
CARROTANQUE,"Cargando agua, disponible PR34 patio de la empresa",6
CARROTANQUE,"Humectacion de base PR19-20-21, lavado via PR19-20-21-22",6
CARROTANQUE,"Humectacion de bases PR19 y PR25, lavado de via PR19 y PR25",5
CARROTANQUE,"Cargado el carro tanque, disponible PR33",5
CARROTANQUE,Disponible,4
CARROTANQUE,"Lleno de agua unidades finisher PR29, se lava via, humectacion base PR20",4
CARROTANQUE,"Humectacion de bases PR20 y PR25, lavado de via, lleno de finisher y vibro con agua",4
CARROTANQUE,"Humectacion de bases PR20 y PR25, lavado de via, lleno de finisher y vibro con agua unidades de asfalto",4
CARROTANQUE,"Desplazamiento y disponibilidad, humectacion de los hombros, desplazamiento y llenado de maquinarias de asfalto,desplazamiento humectacion de los hombros y lavado de la via",3
CARROTANQUE,"Desplazamiento y llenado de carrotanque, humectacion hombros, lavado cuneta para fundir, llenado de maquinaria de asfalto, lavado via",3
COMPACTADORES,Compactando terraplen,30
COMPACTADORES,Domingo,22
COMPACTADORES,Disponible por lluvia,15
COMPACTADORES,Equipo varado por motor de vibracion del cilindro,13
COMPACTADORES,Compactacion BTC,11
COMPACTADORES,ENTREGADO A MAQUINARIA,8
COMPACTADORES,DOMINGO,7
COMPACTADORES,Disponible,6
COMPACTADORES,Festivo,5
COMPACTADORES,Compactando terraplen PR37+090,4
COMPACTADORES,Compactando sub base,4
COMPACTADORES,Taller,3
EXCAVADORA,Corte y cargue de material,2
EXCAVADORA,Disponible por lluvia,2
EXCAVADORA,Recuperacion de hombros de PR19+030,2
EXCAVADORA,Excavacion de terraplen y cargue de volquetas PR19+350,2
EXCAVADORA,Cargue de escapote para conformacion de hombro PR21+800,2
EXCAVADORA,Cargue de volquetas,2
EXCAVADORA,Cargue de material,1
EXCAVADORA,Moviendo material,1
EXCAVADORA,Cargue corte de material,1
EXCAVADORA,Corte de material,1
EXCAVADORA,Corte y conformacion de talud,1
EXCAVADORA,Conformacion de talud y paisajeo PR16,1
EXCAVADORA DOOSAN 190,"Excavacion, demolicion de cuneta, cargue de volaquetas",1
EXCAVADORA SOBRE LLANTAS,Domingo,12
EXCAVADORA SOBRE LLANTAS,Corte de talud y cargue de volquetas,9
EXCAVADORA SOBRE LLANTAS,"Excavacion y adecuacion de acceso, conformacion de material",4
EXCAVADORA SOBRE LLANTAS,Perfilacion de talud y cargue de volquetas,4
EXCAVADORA SOBRE LLANTAS,Corte de talud,4
EXCAVADORA SOBRE LLANTAS,Corte de talud y cargue de volqueta,4
EXCAVADORA SOBRE LLANTAS,Paisajeo zona verde de la berma,3
EXCAVADORA SOBRE LLANTAS,Corte de talud y cargar volqueta,3
EXCAVADORA SOBRE LLANTAS,"Traslado de luminarias, descapote de talud, conformacion, perfilado de talud",3
EXCAVADORA SOBRE LLANTAS,"Excavacion y paisajeo, conformacion de material",3
EXCAVADORA SOBRE LLANTAS,"Excavacion de berma, cargar volqueta, organizar paisajeo en zona verde, hacer llenos, descapote",3
EXCAVADORA SOBRE LLANTAS,"Paisajeo zona verde, enterrar raices",2
EXCAVADORAS,Cargue terraplen,24
EXCAVADORAS,Cargue de volquetas,23
EXCAVADORAS,Cargue de material,19
EXCAVADORAS,Corte y cargue de material,17
EXCAVADORAS,Domingo,14
EXCAVADORAS,Cargue,12
EXCAVADORAS,Cargando terraplen y cortando talud,11
EXCAVADORAS,Cargando terraplen,8
EXCAVADORAS,Cargue volqueta,8
EXCAVADORAS,Descapote,6
EXCAVADORAS,Cargue de terraplen,6
EXCAVADORAS,Cargue descapote,6
EXTENDEDORAS,Colocacion BTC y limpieza de equipo,28
EXTENDEDORAS,ENTREGADO A MAQUINARIA,4
EXTENDEDORAS,Domingo,4
EXTENDEDORAS,Colocacion de BTC y limpieza de equipo,2
EXTENDEDORAS,Taller,2
EXTENDEDORAS,Limpieza de equipo y disponible en obra,2
EXTENDEDORAS,"Disponible en obra, limpieza",1
EXTENDEDORAS,"Esperando material, colocando sub base 3 y 4",1
EXTENDEDORAS,TALLER,1
EXTENDEDORAS,"Esperando BTC, colocacion BTC 1 y 2",1
EXTENDEDORAS,"Esperando BTC, colocacion BTC, esperando BTC y colocacion",1
EXTENDEDORAS,"Esperando BTC, colocacion BTC, disponible limpieza",1
LUMINARIA,Disponible - Sin operador,31
LUMINARIA,MSR,23
LUMINARIA,NO ASIGNADO,15
LUMINARIA,ODT,8
LUMINARIA,Luminaria PMT PR21+500 a PR22,6
LUMINARIA,Luminaria PMT PR21+300,2
LUMINARIA,16 al 31 Julio - MSR,1
LUMINARIA,1 Agosto al 15 agosto - MSR,1
LUMINARIA,Luminaria de PMT PR21+780,1
MINICARGADOR,"Traslado de material, cereo de sub base y base, limpieza de via",52
MINICARGADOR,"Traslado de material, cereo base, limpieza de via",35
MINICARGADOR,Instalacion de base y sub base,28
MINICARGADOR,Cereo base,26
MINICARGADOR,Domingo,26
MINICARGADOR,"Traslado de material, seriado de sub base y base, limpieza de via",22
MINICARGADOR,Instalacion de sub base y base,20
MINICARGADOR,Ajuste de base,16
MINICARGADOR,"Traslado de material, cereo de sub base, limpieza de talud, cereo base y limpieza de via",10
MINICARGADOR,Instalacion de sub base,8
MINICARGADOR,Instalacion de base,8
MINICARGADOR,Conformando material EMRS PR14+400,8
MOTONIVELADORA,Disponible por lluvia,3
MOTONIVELADORA,"Se corta material de terraplen en PR18+570, se extiende material de sub base en el PR17+760",2
MOTONIVELADORA,"Se extiende material de sub base en el PR 17+680 y PR 18+570, terraplen PR35",2
MOTONIVELADORA,Se extiende material en terraplen y conformacion,1
MOTONIVELADORA,Cereo y relleno de plataforma PR16+700,1
MOTONIVELADORA,Cereo y retiro de material PR16+600,1
MOTONIVELADORA,Se extiende material de sub base y se corta material de corona PR16+600,1
MOTONIVELADORA,Cereo material de sub base y se extiende PR16+600,1
MOTONIVELADORA,Se corta y cerea material de corona PR16+600,1
MOTONIVELADORA,Material de sub base y limpieza de berma de via principal,1
MOTONIVELADORA,Se corta sub rasante y se extiende material de corona,1
MOTONIVELADORA,Se sacan fallos y se extiende material acopiado y se realiza realce de corona en PR16+220 a PR16+330,1
MOTONIVELADORAS,Domingo,16
MOTONIVELADORAS,Disponible por lluvia,14
MOTONIVELADORAS,Extendiendo y conformando terraplen,10
MOTONIVELADORAS,Extendido terraplen,8
MOTONIVELADORAS,Cereo terraplen,6
MOTONIVELADORAS,DOMINGO,6
MOTONIVELADORAS,Conformando terraplen,5
MOTONIVELADORAS,Cereo sub base,5
MOTONIVELADORAS,Cereo terraplen PR18,4
MOTONIVELADORAS,Aproximacion terraplen,4
MOTONIVELADORAS,Extendiendo terraplen,3
MOTONIVELADORAS,Festivo,3
PAJARITA,Paisajeo,2
PAJARITA,Excavacion cuneta,1
PAJARITA,Excavacion,1
PAJARITA,Sin descripcion de actividad en el parte diario,1
PAJARITA,Excavacion y corte de talud,1
PAJARITA,"Cereo, paisajeo, instalacion sub base",1
PAJARITA,"Paisajeo cabezote alcantarilla, paisajeo hombro carretera",1
PAJARITA,Excavacion filtro PR34+240,1
PAJARITA,Excavacion filtro PR33+900,1
PAJARITA,Excavacion filtros PR33+900,1
PAJARITA,"Cargue de sacos, llenado de filtro,acopio material",1
PAJARITA,"Cargue de costales, cargue de llantas y rines",1
RETRO DE LLANTAS,"Stanby, reparacion de cilindro hidraulico",10
RETRO DE LLANTAS,Domingo,5
RETRO DE LLANTAS,"Excavacion en los descoles ODT21 y 23. Instalacion de tuberia en ODT23, apoyo en el instalacion de cemento",3
RETRO DE LLANTAS,Manejo de aguas en pozo de llenado de box culvert ODT34,3
RETRO DE LLANTAS,"Achicando agua en las ODT 14-16, conformacion para manejo de aguas ODT14-16, apoyo instalacion acero",3
RETRO DE LLANTAS,"Se instalaron tuberias ODT, se realizo apoyo a la mixer a regar concreto ODT19",2
RETRO DE LLANTAS,Excavacion repaleo ODT21,2
RETRO DE LLANTAS,Excavacion y repaleo ODT23,2
RETRO DE LLANTAS,"Instalacion y excavacion para tuberia ODT, extendiendo crudo, paisajeo ODT#2",2
RETRO DE LLANTAS,"Instalacion tubos ODT2-021, descapote en el separador PR35+340 a PR35+420",2
RETRO DE LLANTAS,"Instalacion de tuberias en ODT2-023, humedad para adecuar acceso en la instalacion en tuberia",2
RETRO DE LLANTAS,"Instalacion de tuberias en ODT2-023, paisajeo PR35+510 a PR35+580, retiros de material humedo y conformacion de terraplen PR35+220 a PR35+250",2
RETROCARGADOR,Domingo,12
RETROCARGADOR,"Excavacion de tuberia para solado, movimiento de tuberia y colocacion",4
RETROCARGADOR,DOMINGO,4
RETROCARGADOR,"Arreglo acceso de mixer, se corrio placa de concreto para caja, arreglo para acceso de mixer, material y movimiento para lleno de tuberia",3
RETROCARGADOR,"Traslado del PR32 al PR35, manejo de aguas, arreglo de acceso para fundida y repaleo de material crudo y replanteo",3
RETROCARGADOR,"Descalificacion de berma de ampliacion, arreglo de via para acceso de volquetas al talud PR21+570, replanteo de terraza de ODT PR20+870",3
RETROCARGADOR,"Descalificada de berma de ampliacion del PR23+520 al PR23+720, limpieza de via PR21+570, llenado de terraza de ODT PR20+760",3
RETROCARGADOR,"Descalificada de berma de ampliacion, llenado de terraza de ODT PR20+870, trasbordo de asfalto de volqueta varada",3
RETROCARGADOR,"Descalificada de berma de ampliacion PR24+110 a PR24+310, llenado de terraza de ODT PR20+870, barrera de material talud PR21+570, llenado de box culvert PR21",3
RETROCARGADOR,"Llenado de ODT PR20+850, descapote ODT PR20, llenado de ODT PR20, descalificada de berma de ampliacion PR24+310 a PR24+380, levantamiento de cuneta del PR24+570 a PR24+595",3
RETROCARGADOR,"Descalificada de ampliacion de berma del PR24+580 al PR24, excavacion para realce de aleta PR20+440, desmonte y limpiza y lleno de ODT47",3
RETROCARGADOR,"Descalificada de berma de ampliacion PR25+300, traslado de base PR25+300, limpieza de terraza de talud PR21+580, descapote de talud PR21+600, limpieza de via y berma",3
TORRES DE ILUMINACIÓN,Disponible - Sin operador,62
TORRES DE ILUMINACIÓN,EQUIPO NO ASIGNADO,30
TORRES DE ILUMINACIÓN,Iluminacion del PR21+500 a PR22,6
TORRES DE ILUMINACIÓN,Iluminacion PMT PR21+300,2
TORRES DE ILUMINACIÓN,Iluminacion PMT PR22+020,1
TRACTOCAMIONES,Domingo,8
TRACTOCAMIONES,Taller,7
TRACTOCAMIONES,Disponible,6
TRACTOCAMIONES,Disponible PR33,5
TRACTOCAMIONES,Disponible por lluvia,4
TRACTOCAMIONES,Sin operador,3
TRACTOCAMIONES,"Traslado de retro de llantas, retro excavadora, compactador 16 y 19, traslado finisher, motoniveladora y compactador",3
TRACTOCAMIONES,"Traslado de bulldozer PR35+000, PR39, excavadora PR35 a PR36+300 y del PR36+500 a PR35",2
TRACTOCAMIONES,"Traslado de compactador PR33 al PR22, traslado de excavadora el diviso a PR19",2
TRACTOCAMIONES,"Descargue excavadora en patio PR33, traslado excavadora PR18 a PR36, traslado de finisher PR22 a PR16",2
TRACTOCAMIONES,"Disponible PR33, traslado excavadora de taller a PR19, bulldozer PR15+800 a PR15, compactador PR14 a PR15 y PR15 al PR14+200",2
TRACTOCAMIONES,"Traslados de Buldozer D6 de PR37 a PR35, buldozer D8 de PR35 a PR37, excavadora PR14+500 a PR14, bulldozer al taller PR14 a PR33",2
TURBO,"Personal para los PR36-32-20, carpa-camilla, sillas, palas, picas PR32 a PR21, generador-motobomba, carretilla PR37, se transporta acero PR20, personal y herramientas PR20 al PR17",4
TURBO,"Transporte de personal para los PR34-20-13, se transporta formaleta gatos alineadores PR34, personal para sabana de torres",2
TURBO,"Personal para el PR34, se transporta formaleta gatos alineadores PR34 al PR35, manguera del PR34 a PR35personal para sabana de torres",2
TURBO,"Transporte de personal para los PR34-20-13, se transporta formaleta PR20, personal para sabana de torres",2
TURBO,"Transporte de personal para los PR34-20-13, reparto de agua y hielo PR 12-13-22-25-30-33-36, personal para sabana de torres",2
TURBO,"Transporte de personal para Los PR35-20-13, generador y gatos PR20 , personal para sabana de torres",2
TURBO,"Transporte de personal para Los PR35-20-13, generador para ODT49 a la ODT51, esquineros del PR34 y 17 para PR13, gatos del PR20 al PR35, formaletas y alineadores tensores PR17 al PR13",2
TURBO,"Transporte de personal para Los PR35-20-13, cemento-punta flechas PR35, acero-formaletas- esquineros PR17 al PR20, transporte personal para sabana de torres",2
TURBO,"Trasnporte de personal para los PR35-20-13, acero - formaletas - punta flechas del PR33 a los PR20 y 13, personal para sabana de torres",2
TURBO,"Transporte de personal PR35 al PR20, formaletas - gatos - cavas - punto ecologico y camilla PR35 al PR33, formaletas PR20, transporte de personal a sabana de torres",2
TURBO,"Personal para los PR36-20-13, herramientas del PR36 al PR34, cemento PR33 al PR20-17, transporte de personal para sabana de torres",2
TURBO,"Transporte personal PR36-20-13, se transporta motobomba del PR33 al PR36, pines del PR33 al PR36, madera PR34 al PR36, personal para sabana",2
TURBO DE ESTACAS,Domingo,3
TURBO DE ESTACAS,"Se busca personal de sabana para puntos de trabajo, llevando generador, se buscan formaletas, se busca tubo para pr de janer, recorrido para sabana",3
TURBO DE ESTACAS,"Se busca personal de sabana para puntos de trabajo, movimiento de generador, entrada a planta, se va a sabana a comprar broca, se buscan formaletas PR25 a PR36",3
TURBO DE ESTACAS,"Se busca personal de sabana para puntos de trabajo, movimientos de formaleta PR36 acompañamiento con mauricio granados formaletas",3
TURBO DE ESTACAS,"Recorrido con personal para todos los puntos, tanqueo de generador, entrada a planta, recorrido por los PR's",3
TURBO DE ESTACAS,"Personal de sabana a PR2, ingreso a planta a recoger insumos, salida al PR32 y descargue, transporte generador y formaletas",2
TURBO DE ESTACAS,"Entrada a almacen, recorrido por los frentes de obra, suministro de materiales, se lleva personal a sabana de torres",2
TURBO DE ESTACAS,"Se lleva personal a puntos de trabajo, cargue y descargue de materiales, entrada a planta a buscar insumos, se entregan insumos en puntos de trabajo",2
TURBO DE ESTACAS,"Se busca personal, suministro de combustible, se recoge hierro en planta, entrega de materiales en sitios de trabajo",2
TURBO DE ESTACAS,"Suministro de materiales, trasteo PR21+500 y formaleta del PR32 al PR16",2
TURBO DE ESTACAS,"Personal para sus puestos de trabajo, se entrega material, formaletas para PR16, personal para sabana",2
TURBO DE ESTACAS,"Personal para los puestos de trabajo, entrega de materiales, se buscan taladros PR35 a PR21, personal para sabana",2
TURBO MIXTA,Movimiento interno PR41+500,3
TURBO MIXTA,"Movimiento de postes del PR32+800 a PR17, movimiento de señales aprox PR18, apoyo PR41+500",2
TURBO MIXTA,Movimiento PR26 y PR42+300,1
TURBO MIXTA,"Movimientos del PR41+500 al PR33, movimiento interno PR41 y el PR41+500",1
TURBO MIXTA,"Movimiento interno PR41+500, movimiento PR33, movimiento PR14, transporte de palos PR27 al PR15+800, movimiento interno PR25+500",1
TURBO MIXTA,"Movimiento interno PR41+800, movimiento PR33 personal capacitacion, se busca cuadrilla ODL PR26, apoyo PR41+800",1
TURBO MIXTA,"Movimiento interno PR41+300, se transporta cuadrilla ODT PR43+300, movimiento de maletines del PR25 al PR18, movimiento PR41+500",1
TURBO MIXTA,"Se transporta cuadrilla ODT al PR43+300, movilizacion carpa frente de obra ampliacion PR18",1
TURBO MIXTA,"Movimiento PMT PR34, traslado de PMT del PR25+300 a PR18+100, movimiento interno PR41+800",1
TURBO MIXTA,"Movimiento interno PR41+300, movimiento del PR33 al PR17, movimiento interno PR41+500",1
TURBO MIXTA,"Movimiento interno PR41+500, transporte del PR12 a PR41+500, movimiento interno PR41+500",1
TURBO MIXTA,"Movimiento interno PR41+500, transporte PR41+500 a PR14+500, movimiento interno PR34 a PR41+500",1
VIBROCOMPACTADOR,"Compactacion en berma, material base y sub base",83
VIBROCOMPACTADOR,Compactacion sub base y base,76
VIBROCOMPACTADOR,Compactacion terraplen,70
VIBROCOMPACTADOR,Compactando terraplen PR14+400,61
VIBROCOMPACTADOR,Domingo,43
VIBROCOMPACTADOR,Compactacion sub base y base y rasante,38
VIBROCOMPACTADOR,"Compactacion sub base, excavacion y base",32
VIBROCOMPACTADOR,Disponible por lluvia,30
VIBROCOMPACTADOR,Conformacion terraplen,27
VIBROCOMPACTADOR,Compactacion de berma y material base,18
VIBROCOMPACTADOR,Compactando sub base y base,17
VIBROCOMPACTADOR,Compactacion terraplen PR14+400,12
VIBROCOMPACTADOR RENTAL 900,Compactando corona,6
VIBROCOMPACTADOR RENTAL 900,Compactando terraplen,5
VIBROCOMPACTADOR RENTAL 900,Domingo,5
VIBROCOMPACTADOR RENTAL 900,Disponible por lluvia,4
VIBROCOMPACTADOR RENTAL 900,Compactacion de material para lleno de terraplen,3
VIBROCOMPACTADOR RENTAL 900,"Compactacion de material para lleno de terraplen, compactacion de sub base granular",3
VIBROCOMPACTADOR RENTAL 900,Compactando terraplen PR36,3
VIBROCOMPACTADOR RENTAL 900,Compactando terraplen PR35,3
VIBROCOMPACTADOR RENTAL 900,Compactacion de sub base granular,2
VIBROCOMPACTADOR RENTAL 900,Festivo,2
VIBROCOMPACTADOR RENTAL 900,Compactando corona y compactando sub base,2
VIBROCOMPACTADOR RENTAL 900,"Disponible, equipo varado",2
VOLQUETAS DOBLETROQUE,Domingo,70
VOLQUETAS DOBLETROQUE,Disponible por lluvia,44
VOLQUETAS DOBLETROQUE,Cargue terraplen,31
VOLQUETAS DOBLETROQUE,DOMINGO,23
VOLQUETAS DOBLETROQUE,Taller por compresor,21
VOLQUETAS DOBLETROQUE,Festivo,13
VOLQUETAS DOBLETROQUE,LUNES FESTIVO,12
VOLQUETAS DOBLETROQUE,Terraplen,11
VOLQUETAS DOBLETROQUE,Varado en la bascula por modulo,11
VOLQUETAS DOBLETROQUE,Sin operador,9
VOLQUETAS DOBLETROQUE,Taller,9
VOLQUETAS DOBLETROQUE,Viaje corte de talud,9
